structure	rna_type	rna_class	tax_id	accession(s)	cell_location
a.I1.e.C.luteoviridis.B.C1.SSU.1052.ps	I	IC1	31301	X73998	Nucleus
d.16.e.C.luteoviridis.ps	R	16S	31301	X73998	Nucleus
a.I1.e.C.mirabilis.C1.SSU.1506.ps	I	IC1	3083	X74000	Nucleus
b.I1.e.C.saccharophila.C1.SSU.156.ps	I	IC1	3082	AB058310	Nucleus
a.I1.m.A.castellanii.B4.LSU.1931.ps	I	IB	5755	U03732	Mitochondrion
b.16.m.A.castellanii.ps	R	16S	5755	U03732	Mitochondrion
d.16.e.A.castellanii.ps	R	16S	5755	U07413	Nucleus
b.I1.e.A.griffini.2.C1.SSU.516.ps	I	IC1	29195	S81337	Nucleus
b.I1.e.A.griffini.1.C1.SSU.516.ps	I	IC1	29195	U02540 U07412	Nucleus
d.5.e.A.tabira.ps	R	5S	78079	AB015591	Nucleus
d.5.e.A.domesticus.ps	R	5S	6997	M16074	Nucleus
d.16.e.A.bongranii.ps	R	16S	216896	AJ535150	Nucleus
d.5.b.A.ferrooxidans.1.ps	R	5S	920	M11715	Nucleus
d.5.b.A.ferrooxidans.2.ps	R	5S	920	M11542	Nucleus
d.5.b.A.thiooxidans.ps	R	5S	930	M11541	Nucleus
d.16.b.A.capsulatum.ps	R	16S	33075		Nucleus
d.16.b.A.calcoaceticus.ps	R	16S	471		Nucleus
d.235.b.A.calcoaceticus.ps d.233.b.A.calcoaceticus.ps	R	23S	471	X87280	Nucleus
d.16.m.A.cahirinus.ps	R	16S	10068	X84387	Mitochondrion
d.5.e.A.equina.ps	R	5S	6106	X05233	Nucleus
d.5.b.A.madurae.ps	R	5S	1993	D13615	Nucleus
d.16.b.A.israelii.ps	R	16S	1659		Nucleus
d.5.e.A.magnoliae.ps	R	5S	7030	X01518	Nucleus
d.16.b.A.hydrophila.ps	R	16S	644		Nucleus
d.233.b.A.hydrophila.ps d.235.b.A.hydrophila.ps	R	23S	644	X87281	Nucleus
d.16.a.A.pernix.K1.ps	R	16S	56636		Nucleus
d.5.b.A.tumefaciens.ps	R	5S	358	X02627	Nucleus
d.16.b.A.tumefaciens.ps	R	16S	358		Nucleus
a.I1.m.A.aegerita.C2.SSU.ps	I	IC2	5400	U54637	Mitochondrion
a.I2.m.A.aegerita.B.LSU.2059.ps	I	IIB	5400	AF087656	Mitochondrion
d.16.e.A.plicata.ps	R	16S	28023	Z14139	Nucleus
d.16.m.A.fulgens.ps	R	16S	9649	Y08511	Mitochondrion
a.I1.e.A.capsulatus.G184B.C1.SSU.ps	I	IC1	5037	U57102	Nucleus
a.I1.e.A.capsulatus.G186B.C1.SSU.ps	I	IC1	5037	U57103	Nucleus
a.I1.e.A.capsulatus.CBS213.53.C1.SSU.943.ps	I	IC1	5037	Z75305	Nucleus
a.I1.e.A.capsulatus.FLs1.C1.SSU.ps	I	IC1	5037	U57101	Nucleus
d.235.m.A.caerulea.ps d.233.m.A.caerulea.ps	R	23S	42349	X83390	Mitochondrion
d.233.m.A.turrita.ps d.235.m.A.turrita.ps	R	23S	27820	X71393 X71394	Mitochondrion
d.5.b.A.faecalis.1.ps	R	5S	511	X05517	Nucleus
d.16.e.A.fundyense.ps	R	16S	2932	U09048	Nucleus
b.16.m.A.mississippiensis.ps	R	16S	8496	L28074	Mitochondrion
d.16.b.A.vinosum.ps	R	16S	1049		Nucleus
d.16.e.A.macrogynus.ps	R	16S	28583	U23936	Nucleus
d.16.e.A.bracteata.ps	R	16S	191599	AY090068	Nucleus
d.16.e.A.connecticus.ps	R	16S	67759	AF025685	Nucleus
d.16.e.A.ferocious.ps	R	16S	191597	AY090062	Nucleus
d.16.e.A.khaliulini.ps	R	16S	191589	AY090045	Nucleus
d.16.e.Amblyospora.sp.ps	R	16S	33688	U68474	Nucleus
b.16.m.A.hottentotus.ps	R	16S	9391	M95108	Mitochondrion
d.16.e.A.michaelis.ps	R	16S	27981	L15741	Nucleus
d.16.e.A.capitellata.ps	R	16S	216748	AJ535158	Nucleus
d.16.b.Anabaena.sp.ps	R	16S	1167		Nucleus
b.16.m.A.platyrhynchos.ps	R	16S	8839	L16770	Mitochondrion
b.16.e.A.australis.ps	R	16S	6858	X77908	Nucleus
a.I1.e.A.stipitatus.C1.SSU.1046.ps	I	IC1	3109	X56100	Nucleus
a.I1.c.A.cherimola.C3.tLEU.ps	I	IC3	49314	X99381	Chloroplast
d.5.e.A.pernyi.ps	R	5S	7119	X13035	Nucleus
d.16.m.A.americana.ps	R	16S	9891	M55540	Mitochondrion
d.16.e.A.majus.ps	R	16S	4151	AJ236047	Nucleus
d.16.e.A.scoticae.ps	R	16S	67678	AF024655	Nucleus
d.16.e.A.invadans.ps	R	16S	157072	AF396684	Nucleus
d.16.b.A.aeolicus.ps	R	16S	63363	AE000709 AE000751	Nucleus
d.16.b.A.pyrophilus.ps	R	16S	2714		Nucleus
d.16.e.A.thaliana.ps	R	16S	3702	AC006837	Nucleus
d.233.e.A.thaliana.ps d.235.e.A.thaliana.ps	R	23S	3702	X52320	Nucleus
d.16.e.A.verticilliflorum.ps	R	16S	29819	L24042	Nucleus
d.16.a.A.fulgidus.ps	R	16S	2234	X05567 AE000965	Nucleus
b.16.m.A.franciscana.ps	R	16S	6661	X69067	Mitochondrion
d.5.e.A.salina.ps	R	5S	85549	Y00128	Nucleus
d.235.m.A.salina.ps d.233.m.A.salina.ps	R	23S	85549	X12965 M21833	Mitochondrion
b.16.e.A.salina.ps	R	16S	85549	X01723	Nucleus
d.5.b.A.globiformis.2.ps	R	5S	1665	X08002	Nucleus
d.5.b.A.globiformis.1.ps	R	5S	1665	M16173	Nucleus
d.16.b.A.globiformis.ps	R	16S	1665		Nucleus
d.5.b.A.oxydans.ps	R	5S	1671	X08000	Nucleus
a.I1.e.A.adeninivorans.C1.LSU.2449.ps	I	IC1	37620	Z50840	Nucleus
d.5.e.A.immersus.1.ps	R	5S	5191	X99087	Nucleus
d.5.e.A.aquaticus.ps	R	5S	92525	AJ238321	Nucleus
d.16.e.A.flavus.ps	R	16S	5059	D63696	Nucleus
d.16.e.A.kariana.ps	R	16S	59810	Y10568	Nucleus
d.16.m.Ateles.sp.ps	R	16S	9511	AF069978	Mitochondrion
d.16.e.A.dasyae.ps	R	16S	35156	L26181	Nucleus
d.16.e.A.hermannii.ps	R	16S	31360	AF026040	Nucleus
d.16.e.A.ambigua.ps	R	16S	49234	X85404	Nucleus
d.16.e.A.baicalensis.ps	R	16S	202469	AJ535186	Nucleus
d.5.e.A.aurita.2.ps	R	5S	6145	K00759	Nucleus
b.I1.e.A.lagunensis.C1.SSU.516.ps	I	IC1	44058	U40258	Nucleus
d.16.b.A.caulinodans.ps	R	16S	7		Nucleus
d.5.b.A.vinelandii.ps	R	5S	354	X01555	Nucleus
d.16.e.B.bigemina.ps	R	16S	5866	X59604	Nucleus
d.16.c.B.bovis.ps	R	16S	5865		Chloroplast
d.16.e.B.bovis.ps	R	16S	5865	L31922	Nucleus
d.16.e.B.canis.ps	R	16S	5867	L19079	Nucleus
d.16.e.B.gibsoni.ps	R	16S	33632	AF231350	Nucleus
d.16.e.B.microti.5.ps	R	16S	5868	AF231348	Nucleus
d.16.e.B.microti.4.ps	R	16S	5868	AB085191	Nucleus
d.16.e.B.microti.2.ps	R	16S	5868	AB050732	Nucleus
d.16.e.B.microti.1.ps	R	16S	5868	AB032434	Nucleus
d.16.e.B.microti.3.ps	R	16S	5868	AB071177	Nucleus
d.16.e.B.rodhaini.ps	R	16S	5870	AB049999	Nucleus
d.16.e.Babesia.sp.OKD.ps	R	16S	113246	AF205636	Nucleus
d.16.e.Bacillidium.sp.ps	R	16S	88069	AF104087	Nucleus
d.16.b.B.anthracis.ps	R	16S	1392		Nucleus
d.235.b.B.anthracis.ps d.233.b.B.anthracis.ps	R	23S	1392	X64645	Nucleus
d.16.b.B.cereus.1.ps	R	16S	1396		Nucleus
d.16.b.B.halodurans.ps	R	16S	86665		Nucleus
a.I1.b.Bacteriophage.SP01.A2.DP.g31.ps	I	IA2	10685	M37686	Virus
d.5.b.B.subtilis.ps	R	5S	1423	D11460	Nucleus
d.16.b.B.subtilis.ps	R	16S	1423		Nucleus
d.235.b.B.subtilis.ps d.233.b.B.subtilis.ps	R	23S	1423	K00637	Nucleus
d.16.b.B.subtilis.GEN.ps	R	16S	224308	Z99104 AL009126	Nucleus
d.16.b.B.fragilis.ps	R	16S	817		Nucleus
b.16.m.B.musculus.ps	R	16S	9771	X72204	Mitochondrion
d.16.e.B.mandrillaris.ps	R	16S	66527	AF019071	Nucleus
d.16.e.B.coli.ps	R	16S	71585	AF029763	Nucleus
d.16.e.B.investiens.ps	R	16S	111861	AF132294	Nucleus
b.I1.e.B.atropurpurea.C1.SSU.516.ps	I	IC1	31347	D88387	Nucleus
b.I1.e.B.fuscopurpurea.7.C1.SSU.516.ps	I	IC1	101920	AF172557	Nucleus
b.I1.e.B.fuscopurpurea.8.C1.SSU.516.ps	I	IC1	101920	AF172572	Nucleus
b.I1.e.B.fuscopurpurea.1.C1.SSU.516.ps	I	IC1	101920	AF342745	Nucleus
d.16.e.Bangia.sp.NWT.ps	R	16S	101920	AF043355	Nucleus
b.I1.e.Bangia.sp.C1.SSU.516.ps	I	IC1	76713	AF172578	Nucleus
d.16.e.Bangia.sp.VIS7.ps	R	16S	76713		Nucleus
d.16.b.B.bacilliformis.ps	R	16S	774		Nucleus
d.235.b.B.bacilliformis.ps d.233.b.B.bacilliformis.ps	R	23S	774	L39095	Nucleus
d.16.b.B.henselae.ps	R	16S	38323		Nucleus
d.16.b.B.quintana.ps	R	16S	803		Nucleus
d.16.e.B.gelatinosum.ps	R	16S	69143	AF026045	Nucleus
d.16.e.B.macrosporum.ps	R	16S	67909	AF026048	Nucleus
d.5.b.B.alba.ps	R	5S	1022	M35565	Nucleus
d.16.b.Beggiatoa.sp.ps	R	16S	41216		Nucleus
a.I1.e.B.ciliata.JCM6865.C1.SSU.943.ps	I	IC1	4989	D38233	Nucleus
a.I1.e.B.ciliata.JCM6865.C1.SSU.1506.ps	I	IC1	4989	D38233	Nucleus
a.I1.e.B.yamatoana.JCM2896.C1.SSU.943.ps	I	IC1	4996	D38239	Nucleus
a.I1.e.B.yamatoana.JCM2896.C1.SSU.1506.ps	I	IC1	4996	D38239	Nucleus
d.5.e.B.vulgaris.ps	R	5S	161934	X05059	Nucleus
d.16.e.B.titiana.ps	R	16S	210447	AF525669	Nucleus
d.16.m.B.brevicauda.ps	R	16S	9387	M95110	Mitochondrion
d.16.e.B.emersonii.ps	R	16S	4808	M54937	Nucleus
d.16.e.B.hominis.ps	R	16S	12968	U51151	Nucleus
d.16.b.P.marina.ps	R	16S	314230		Nucleus
d.16.e.B.mediterranea.ps	R	16S	91991	AF123596	Nucleus
d.16.e.B.pacifica.ps	R	16S	91992	AF123595	Nucleus
d.16.e.B.ostreae.ps	R	16S	126728	AF262995	Nucleus
d.16.e.B.hamifera.ps	R	16S	31369	L26182	Nucleus
d.16.b.B.bronchiseptica2.ps	R	16S	518		Nucleus
d.233.b.B.bronchiseptica.ps d.235.b.B.bronchiseptica.ps	R	23S	518	X70371	Nucleus
d.16.b.B.parapertussis.ps	R	16S	519		Nucleus
d.16.b.B.pertussis.ps	R	16S	520		Nucleus
d.235.b.B.pertussis.ps d.233.b.B.pertussis.ps	R	23S	520	X68323	Nucleus
d.16.b.B.burgdorferi.ps	R	16S	139	M88329	Nucleus
d.16.b.B.burgdorferi.GEN.ps	R	16S	139		Nucleus
d.235.b.B.burgdorferi.ps d.233.b.B.burgdorferi.ps	R	23S	139	M88330	Nucleus
d.16.b.B.hermsii.ps	R	16S	140		Nucleus
d.5.e.B.taurus.ps	R	5S	9913		Nucleus
d.16.m.B.taurus.ps	R	16S	9913	NC_001567	Mitochondrion
d.16.e.B.moritziana.ps	R	16S	103713	AF203893	Nucleus
d.5.e.B.plicatilis.ps	R	5S	10195	X06100	Nucleus
d.16.b.B.hyodysenteriae.ps	R	16S	159		Nucleus
d.16.b.B.japonicum.ps	R	16S	375	Z35330	Nucleus
d.5.e.B.napus.ps	R	5S	3708	X05060	Nucleus
d.5.e.B.vorax.ps	R	5S	5982	K02343	Nucleus
d.16.b.B.andersonii.ps	R	16S	34097		Nucleus
d.235.m.P.paludiformis.ps d.233.m.P.paludiformis.ps	R	23S	221334	AF101008	Mitochondrion
d.16.b.B.melitensis.ps	R	16S	29459		Nucleus
d.16.e.B.plumatellae.ps	R	16S	202244	AF484691	Nucleus
d.5.e.B.neritina.ps	R	5S	10212	X06834	Nucleus
d.233.b.B.cepacia.ps d.235.b.B.cepacia.ps	R	23S	292	X16368	Nucleus
d.16.b.B.mallei.ps	R	16S	13373		Nucleus
d.233.b.B.mallei.ps d.235.b.B.mallei.ps	R	23S	13373	Y17183	Nucleus
d.235.b.B.pseudomallei.ps d.233.b.B.pseudomallei.ps	R	23S	28450	Y17184	Nucleus
d.16.b.Burkholderia.sp.ps	R	16S	36773		Nucleus
d.233.m.C.lacertina.ps d.235.m.C.lacertina.ps	R	23S	95942	AF101007	Mitochondrion
d.5.e.C.elegans.1.ps	R	5S	6239	X06102	Nucleus
d.5.e.C.elegans.2.ps	R	5S	6239	Z82085	Nucleus
d.16.m.C.elegans.ps	R	16S	6239	X54252	Mitochondrion
d.235.m.C.elegans.ps d.233.m.C.elegans.ps	R	23S	6239	X54252	Mitochondrion
d.5.e.C.vicina.ps	R	5S	7373	X01129	Nucleus
a.I2.b.C.sp.B.TBD.i5.ps	I	IIB	1187	X71404	Nucleus
d.16.b.C.jejuni.ps	R	16S	197		Nucleus
d.16.b.C.jejuni.GEN.ps	R	16S	197		Nucleus
d.235.b.C.jejuni.ps d.233.b.C.jejuni.ps	R	23S	197	Z29326	Nucleus
d.16.b.C.sputorum.ps	R	16S	206		Nucleus
d.16.e.C.ralfsii.ps	R	16S	216757	AJ535162	Nucleus
d.16.e.C.albicans.ps	R	16S	5476	M60302	Nucleus
d.16.c.C.sertularioides.ps	R	16S	76315		Chloroplast
a.I1.e.C.geophilum_PAC.C1.SSU.1506.ps	I	IC1	5570	Z48533	Nucleus
d.16.e.C.rubrum.ps	R	16S	35157	L26183	Nucleus
d.5.e.C.edule.ps	R	5S	55710	AJ132196	Nucleus
d.16.e.Chaetoceros.sp.ps	R	16S	49240	AF145226	Nucleus
a.I1.e.C.saccatum.C1.SSU.1512.ps	I	IC1	3094	M84319	Nucleus
d.16.b.C.muridarum.ps	R	16S	243161	AE002280	Nucleus
d.16.b.C.trachomatis.GEN.ps	R	16S	813		Nucleus
d.16.b.C.trachomatis.L2.ps	R	16S	813		Nucleus
d.233.b.C.trachomatis.L2.ps d.235.b.C.trachomatis.L2.ps	R	23S	813	U68443	Nucleus
d.16.c.C.humicola.ps	R	16S	35704		Chloroplast
a.I1.c.C.moewusii.B4.PSBA.i2.ps	I	IB4	3054	X13486	Chloroplast
b.16.m.C.reinhardtii.ps	R	16S	3055	X54860 U03843	Mitochondrion
d.16.c.C.reinhardtii.ps	R	16S	3055		Chloroplast
d.235.c.C.reinhardtii.ps d.233.c.C.reinhardtii.ps	R	23S	3055	X15727 X16686 X16687	Chloroplast
d.16.b.C.pneumoniae.ps	R	16S	83558	L06108	Nucleus
d.16.b.C.pneumoniae.AR39.ps	R	16S	115711	AE002161	Nucleus
d.16.b.C.pneumoniae.CWL029.ps	R	16S	115713		Nucleus
d.16.b.C.pneumoniae.J138.ps	R	16S	138677	AP002548	Nucleus
d.16.b.C.psittaci.ps	R	16S	83554		Nucleus
d.235.b.C.psittaci.ps d.233.b.C.psittaci.ps	R	23S	83554	U68447	Nucleus
b.I1.e.C.sorokiniana.C1.SSU.1046.ps	I	IC1	3076	X73993	Nucleus
a.I1.e.C.sorokiniana.C1.SSU.323.ps	I	IC1	3076	X73993	Nucleus
d.16.c.C.vulgaris.ps	R	16S	3077		Chloroplast
d.16.b.Chlorogloeopsis.PCC7518.ps	R	16S	70811		Nucleus
b.16.m.C.crispus.ps	R	16S	2769	Z30950	Mitochondrion
d.16.e.C.crispus.ps	R	16S	2769	Z14140	Nucleus
b.16.m.C.parallelus.ESC.ps	R	16S	37639	X95574	Mitochondrion
b.16.m.C.parallelus.NOR.ps	R	16S	37639	X95575	Mitochondrion
d.16.b.C.marismortui.ps	R	16S	42055		Nucleus
d.5.e.C.quinquecirrha.ps	R	5S	6148	K02348	Nucleus
d.16.b.C.freundii.ps	R	16S	546		Nucleus
d.235.b.C.freundii.ps d.233.b.C.freundii.ps	R	23S	546	U77928	Nucleus
a.I1.e.C.grayi.UNK.SSU.1046.ps	I	I	27339	Z14026	Nucleus
a.I1.e.C.grayi.UNK.SSU.1516.ps	I	I	27339	Z14026	Nucleus
a.I1.e.C.merochlorophea.UNK.SSU.1389.ps	I	I	5200	Z14025	Nucleus
a.I1.e.C.merochlorophea.UNK.SSU.1210.ps	I	I	5200	Z14025	Nucleus
a.I1.e.C.merochlorophea.UNK.SSU.1046.ps	I	I	5200	Z14025	Nucleus
a.I1.e.C.merochlorophea.UNK.SSU.1516.ps	I	I	5200	Z14025	Nucleus
d.235.b.C.botulinum.a.ps d.233.b.C.botulinum.a.ps	R	23S	36826	X65602	Nucleus
d.233.b.C.botulinum.2b.ps d.235.b.C.botulinum.2b.ps	R	23S	36827	M94178	Nucleus
d.235.b.C.botulinum.b.ps d.233.b.C.botulinum.b.ps	R	23S	36827	M94259	Nucleus
d.235.b.C.botulinum.E.ps d.233.b.C.botulinum.E.ps	R	23S	36830	M94261	Nucleus
d.16.b.C.botulinum.F.ps	R	16S	36831		Nucleus
d.16.b.C.difficile.ps	R	16S	1496		Nucleus
d.16.b.C.innocuum.ps	R	16S	1522		Nucleus
d.16.b.C.perfringens.ps	R	16S	1502		Nucleus
d.16.b.C.tetani.ps	R	16S	1513		Nucleus
d.16.e.C.immitis.ps	R	16S	5501	M55627	Nucleus
d.16.c.C.fragile.ps	R	16S	3133		Chloroplast
d.16.b.C.testosteroni.ps	R	16S	285		Nucleus
d.16.e.C.coeruleus.ps	R	16S	31354	AF087124	Nucleus
d.16.e.C.officinalis.ps	R	16S	35170	L26184	Nucleus
d.16.e.C.criophilum.ps	R	16S	49243	X85400	Nucleus
d.16.b.C.diphtheriae.ps	R	16S	1717		Nucleus
d.16.e.C.radiatus.ps	R	16S	33642	X77705	Nucleus
b.16.m.C.coscoroba.ps	R	16S	8863	S76216	Mitochondrion
a.I1.e.C.botrytis.C1.SSU.1506.ps	I	IC1	33101	X77453	Nucleus
a.I1.e.C.saxonicum.C1.SSU.1506.ps	I	IC1	35865	X79497	Nucleus
b.16.m.C.coturnix.ps	R	16S	9091	X57245	Mitochondrion
d.16.b.C.burnetii.ps	R	16S	777		Nucleus
a.16.m.C.fasciculata.ps	R	16S	5656	X02548	Mitochondrion
b.16.e.C.koreana.ps	R	16S	36140	Z36893	Nucleus
b.16.m.C.lacustre.ps	R	16S	7980	M91245	Mitochondrion
a.I1.e.C.parasitica.E.SSU.1199.ps	I	IE	5116	L42441	Nucleus
a.I2.m.C.parasitica.B.SSU.952.ps	I	IIB	5116	AF029891	Mitochondrion
b.I1.e.C.hypophloia.E.SSU.989.ps	I	IE	64883	AF015912	Nucleus
d.16.e.C.neoformans.ps	R	16S	40410	L05428	Nucleus
d.16.c.Cryptomonas.sp.ps	R	16S	3031		Chloroplast
d.16.e.C.lunata.ps	R	16S	70534	AF027683	Nucleus
d.16.c.C.caldarium.ps	R	16S	2771		Chloroplast
d.16.y.C.paradoxa.ps	R	16S	2762		Cyanelle
d.16.c.C.paradoxa.ps	R	16S	2762		Chloroplast
d.16.e.C.paradoxa.ps	R	16S	2762	X68483	Nucleus
d.235.y.C.paradoxa.ps d.233.y.C.paradoxa.ps	R	23S	2762	U30821	Cyanelle
d.5.e.C.revoluta.ps	R	5S	3396	M10434	Nucleus
b.16.m.C.melancoryphus.ps	R	16S	41691	S76217	Mitochondrion
d.16.e.C.belgica.ps	R	16S	49246	X85387	Nucleus
a.16.c.C.coccineum.ps	R	16S	51503	U67743	Chloroplast
d.5.e.C.carpio.ps	R	5S	7962	AB015590	Nucleus
b.16.m.C.carpio.ps	R	16S	7962	X61010	Mitochondrion
d.16.e.C.citrina.ps	R	16S	99924	AF164135	Nucleus
a.16.c.C.ruber.ps	R	16S	45982	U47845	Chloroplast
d.16.m.D.novemcinctus.ps	R	16S	9361	Y11832	Mitochondrion
d.16.m.D.geoffroii.ps	R	16S	63143	AF009891	Mitochondrion
d.16.b.D.thermophilus.ps	R	16S	53573		Nucleus
d.5.b.D.radiodurans.rrnA.ps	R	5S	1299	AE002057	Nucleus
d.5.b.D.radiodurans.rrnB.ps	R	5S	1299	AE002087	Nucleus
d.5.b.D.radiodurans.rrnC.ps	R	5S	1299	AE001887	Nucleus
d.16.b.D.radiodurans.1.ps	R	16S	1299		Nucleus
d.16.b.D.radiodurans.GEN.ps	R	16S	1299		Nucleus
d.235.b.D.radiodurans.rrnB.ps d.233.b.D.radiodurans.rrnB.ps	R	23S	1299	AE002087	Nucleus
d.235.b.D.radiodurans.rrnC.ps d.233.b.D.radiodurans.rrnC.ps	R	23S	1299	AE001886	Nucleus
d.5.b.D.acidovorans.ps	R	5S	80866	AJ131594	Nucleus
a.I1.b.Dermocarpa.sp.ATCC29371.C3.tMET.ps	I	IC3	34081	U10480	Nucleus
d.16.e.Dermocystidium.sp.ps	R	16S	39437	U21336	Nucleus
d.16.b.D.desulfuricans.ps	R	16S	876		Nucleus
d.5.a.D.mobilis.ps	R	5S	2274	X07545	Nucleus
d.16.e.D.grandis.ps	R	16S	28014	L10824	Nucleus
d.16.e.D.tenue.ps	R	16S	2863	AJ535143	Nucleus
d.16.b.D.nodosus.ps	R	16S	870		Nucleus
d.16.e.D.gammarellum.ps	R	16S	279534	AJ438958	Nucleus
b.16.m.D.discoideum.ps	R	16S	44689	D16466 AB000109	Mitochondrion
d.16.e.D.grandiflora.ps	R	16S	38791	AJ236045	Nucleus
d.16.e.D.brightwellii.ps	R	16S	49249	X85386	Nucleus
d.16.e.D.grisea.ps	R	16S	35153	L26187	Nucleus
a.I1.e.A.brochopaga.C1.SSU.1506.ps	I	IC1	47238	U51950	Nucleus
d.5.e.D.mauritiana.ps	R	5S	7226	X87874	Nucleus
d.5.e.D.melanogaster.1.ps	R	5S	7227	M25016	Nucleus
d.5.e.D.melanogaster.2.ps	R	5S	7227	X06938	Nucleus
d.235.m.D.melanogaster.ps d.233.m.D.melanogaster.ps	R	23S	7227	X53506	Mitochondrion
d.16.e.D.melanogaster.ps	R	16S	7227	M21017	Nucleus
d.16.m.D.virilis.ps	R	16S	7244	X05914	Mitochondrion
d.16.m.D.dugon.ps	R	16S	29137	U60185	Mitochondrion
a.I1.e.D.parva.C1.SSU.943.ps	I	IC1	3048	M62998	Nucleus
a.I1.e.D.parva.C1.SSU.1512.ps	I	IC1	3048	M62998	Nucleus
a.I1.e.D.salina.C1.SSU.943.ps	I	IC1	3046	M84320	Nucleus
b.16.e.E.granulosus.ps	R	16S	6210	U27015	Nucleus
d.5.b.E.shaposhnikovii.ps	R	5S	1054	X05053	Nucleus
d.16.e.E.aedis.ps	R	16S	70536	AF027684	Nucleus
d.16.b.E.tarda.ps	R	16S	636	AF015259	Nucleus
d.16.m.E.rufescens.ps	R	16S	42151	U97339	Mitochondrion
b.16.m.E.nidulans.ps	R	16S	162425	J01393	Mitochondrion
a.16.c.E.huxleyi.ps	R	16S	2903	X82156	Chloroplast
d.5.b.E.brevis.ps	R	5S	247	M33888	Nucleus
d.5.e.E.gracile.1.ps	R	5S	6230	X00021	Nucleus
d.16.e.E.cuniculi.ps	R	16S	6035	X98467	Nucleus
d.16.e.E.hellem.ps	R	16S	27973	AF118143	Nucleus
d.16.e.Encephalitozoon.sp.ps	R	16S	31283	L16867	Nucleus
d.16.e.E.triangulatum.ps	R	16S	216747	AJ535157	Nucleus
d.16.e.E.schubergi.ps	R	16S	42401	L39109	Nucleus
d.16.e.Endoreticulatus.sp.ps	R	16S	133530	AF240355	Nucleus
d.16.e.E.mobilis.ps	R	16S	99915	AF164134	Nucleus
d.16.e.E.histolytica.ps	R	16S	5759	X65163	Nucleus
a.I1.b.coliphage.T4.A2.NRDB.ps	I	IA2	10665	X04140	Virus
a.I1.b.coliphage.T4.A2.TD.ps	I	IA2	10665	M12742	Virus
a.I1.b.coliphage.T4.A2.NRDD.ps	I	IA2	10665	AF158101	Virus
d.16.b.E.faecalis.ps	R	16S	1351		Nucleus
d.16.b.E.faecium2.ps	R	16S	1352		Nucleus
d.235.b.E.faecium.ps d.233.b.E.faecium.ps	R	23S	1352	X79341	Nucleus
d.16.e.E.bieneusi.ps	R	16S	31281	AF023245	Nucleus
d.16.e.E.salmonis.ps	R	16S	36804		Nucleus
d.16.e.Enterocytozoonidae.sp.ps	R	16S	110581	AF201911	Nucleus
d.5.e.E.kokanica.ps	R	5S	3388	X06996	Nucleus
d.16.b.Epulopiscium.sp.ps	R	16S	2384		Nucleus
d.16.b.E.rhusiopathiae.ps	R	16S	1648		Nucleus
d.235.b.E.rhusiopathiae.ps d.233.b.E.rhusiopathiae.ps	R	23S	1648	AB019250	Nucleus
d.16.e.E.carnea.ps	R	16S	35151	L26189	Nucleus
d.5.b.E.coli.ps d.5.b.E.coli.03.ps	R	5S	562	V00336	Nucleus
d.16.b.E.coli.ps	R	16S	562	J01695	Nucleus
a.I2.b.E.coli.A.TBD.i1.ps	I	IIA	562	X77508	Nucleus
d.233.b.E.coli.ps d.235.b.E.coli.ps	R	23S	562	J01695	Nucleus
h.5.b.E.coli.hlxnum.ps	R	5S	600001		Nucleus
h.16.b.E.coli.hlxnum.ps	R	16S	600001		Nucleus
h.233.b.E.coli.hlxnum.ps h.235.b.E.coli.hlxnum.ps	R	23S	600001		Nucleus
m.16.b.E.coli.mhg.ps	R	16S	600003		Nucleus
s.5.b.E.coli.schem.ps	R	5S	600002		Nucleus
s.16.b.E.coli.schem.ps	R	16S	600002		Nucleus
s.233.b.E.coli.schem.ps s.235.b.E.coli.schem.ps	R	23S	600002		Nucleus
d.16.b.E.coli.0157G.GEN.ps	R	16S	83334	AP002567	Nucleus
d.16.b.E.coli.EDL.GEN.ps	R	16S	155864	AE005174	Nucleus
d.16.b.E.brachy.ps	R	16S	35517		Nucleus
d.5.e.E.gracilis.2.ps	R	5S	3039	X01484	Nucleus
d.5.e.E.gracilis.1.ps	R	5S	3039	X02031	Nucleus
d.16.c.E.gracilis.ps	R	16S	3039	X12890 V00159	Chloroplast
d.233.c.E.gracilis.ps d.235.c.E.gracilis.ps	R	23S	3039	X12890 X13310	Chloroplast
d.16.e.E.rotunda.ps	R	16S	39714	X77692	Nucleus
d.233.m.E.herklotsi.ps d.235.m.E.herklotsi.ps	R	23S	58912	Z71693	Mitochondrion
d.16.e.E.aediculatus.ps	R	16S	5940	M14590	Nucleus
d.5.e.E.eurystomus.ps	R	5S	5941	X13718	Nucleus
d.5.e.E.woodruffi.ps	R	5S	5942	K02347	Nucleus
a.I1.e.E.dermatitidis.C1.SSU.943.ps	I	IC1	5970	Z75304	Nucleus
b.I1.e.E.nigra.2.E.SSU.989.ps	I	IE	52866	X91897	Nucleus
d.16.m.F.catus.ps	R	16S	9685	U20753	Mitochondrion
d.5.e.F.neoformans.1.ps	R	5S	5207	L14753	Nucleus
d.16.e.F.montana.ps	R	16S	103459	AJ252962	Nucleus
d.16.e.F.x.ananassa.ps	R	16S	3747	X15590	Nucleus
d.16.b.F.tularensis.ps	R	16S	263		Nucleus
d.16.b.Frankia.sp.ps	R	16S	1855		Nucleus
d.5.e.F.hygrometrica.ps	R	5S	29583	X80212	Nucleus
d.16.b.F.necrophorum.ps	R	16S	859		Nucleus
d.16.b.F.nucleatum.ps	R	16S	76856		Nucleus
b.16.m.G.gallus.ps	R	16S	9031	X52392	Mitochondrion
d.16.e.G.steinii.ps	R	16S	99926	AF164133	Nucleus
d.5.e.G.riobambae.ps	R	5S	8420	M74438	Nucleus
d.16.e.G.vagum.ps	R	16S	35171	L26190	Nucleus
d.16.b.G.obscuriglobus.1.ps	R	16S	114		Nucleus
a.I1.e.G.spirotaenia.C1.SSU.1506.ps	I	IC1	31316	X74753	Nucleus
d.16.e.G.spirotaenia.ps	R	16S	31316		Nucleus
a.I1.c.G.prostrata.C3.tLEU.ps	I	IC3	49951	X78050	Chloroplast
d.5.b.G.stearothermophilus.1.ps	R	5S	1422	M10816	Nucleus
d.5.b.G.stearothermophilus.2.ps	R	5S	1422	AJ251080	Nucleus
d.5.b.G.stearothermophilus.4.ps	R	5S	1422	M25591	Nucleus
d.5.b.G.stearothermophilus.3.ps	R	5S	1422	M24839	Nucleus
d.16.b.G.subterranea.ps	R	16S	28235		Nucleus
a.16.e.G.ardeae.ps	R	16S	5743	Z17210	Nucleus
d.16.e.G.intestinalis.ps	R	16S	5741	X52949	Nucleus
d.233.e.G.intestinalis.ps d.235.e.G.intestinalis.ps	R	23S	5741	X52949	Nucleus
a.16.e.G.muris.ps	R	16S	5742	X65063	Nucleus
d.5.e.G.biloba.ps	R	5S	3311	M10433	Nucleus
a.16.c.G.nostochinearum.ps	R	16S	38271	X82496	Chloroplast
d.16.e.G.nostochinearum.ps	R	16S	38271	X70803	Nucleus
a.16.c.G.wittrockiana.ps	R	16S	38269	X82495	Chloroplast
d.16.e.G.wittrockiana.ps	R	16S	38269	X81901	Nucleus
a.I1.e.G.planctonica.C1.SSU.943.ps	I	IC1	34157	Z28970	Nucleus
a.16.e.G.intraradices.ps	R	16S	4876	X58725	Nucleus
d.16.e.Glomus.sp.W3349.ps	R	16S	144532	AJ301856	Nucleus
d.16.b.G.liquefaciens.ps	R	16S	89584		Nucleus
d.16.e.G.atherinae.ps	R	16S	36737	U15987	Nucleus
d.16.e.G.stephani.ps	R	16S	75296	AF056015	Nucleus
d.16.e.G.max.ps	R	16S	3847	X02623	Nucleus
b.16.m.G.max.ps	R	16S	3847	M16859	Mitochondrion
d.5.e.G.gnemon.ps	R	5S	3382	X06995	Nucleus
d.16.m.G.gorilla.ps	R	16S	9593	X93347	Mitochondrion
d.5.e.G.arboreum.ps	R	5S	29729	U31855	Nucleus
d.16.e.Gracilariopsis.sp.ps	R	16S	2783	M33639	Nucleus
d.16.e.G.marina.ps	R	16S	232512	AY216906	Nucleus
d.5.b.G.hollisae.ps	R	5S	673	X16193	Nucleus
d.16.e.G.vavrai.ps	R	16S	174688	AF394526	Nucleus
d.16.b.H.influenzae6.ps	R	16S	727		Nucleus
d.16.b.H.influenzae7.ps	R	16S	727		Nucleus
d.16.b.H.influenzae8.ps	R	16S	727		Nucleus
d.16.b.H.influenz.ps	R	16S	727		Nucleus
d.16.b.H.influenzae.ps	R	16S	501279	U32741 U32744 U32755 U32847 U32697 U32708	Nucleus
d.233.b.H.influenzae.ps d.235.b.H.influenzae.ps	R	23S	501279	U32742 U32745 U32755 U32847 U32697 U32707	Nucleus
d.5.e.H.japonica.ps	R	5S	6062	V00475	Nucleus
d.5.e.H.oculata.ps	R	5S	6058	X01536	Nucleus
d.5.a.H.marismortui.ps	R	5S	2238	AF034620	Nucleus
d.233.a.H.marismortui.1.ps d.235.a.H.marismortui.1.ps	R	23S	2238	X13738	Nucleus
d.16.a.H.marismortui.rrnA.ps	R	16S	500795		Nucleus
d.235.a.H.marismortui.2.ps d.233.a.H.marismortui.2.ps	R	23S	500795	AF034619	Nucleus
d.16.a.H.marismortui.rrnB.ps	R	16S	500796		Nucleus
d.233.a.H.marismortui.3.ps d.235.a.H.marismortui.3.ps	R	23S	500796	AF034620	Nucleus
n.233.a.H.marismortui.3.num.ps n.235.a.H.marismortui.3.num.ps	R	23S	600101		Nucleus
s.235.a.H.marismortui.3.schem.ps s.233.a.H.marismortui.3.schem.ps	R	23S	600102		Nucleus
d.5.a.H.salinarum.1.ps	R	5S	2242	M10691	Nucleus
d.5.a.H.salinarum.2.ps	R	5S	2242	X03407	Nucleus
d.16.a.Halobacterium.sp.ps	R	16S	64091	AE005128	Nucleus
d.5.a.H.morrhuae.2.ps	R	5S	2250	X72588	Nucleus
d.5.a.H.morrhuae.1.ps	R	5S	2250	J01865	Nucleus
d.5.a.H.mediterranei.1.ps	R	5S	2252	X14441	Nucleus
d.5.a.H.volcanii.ps	R	5S	2246	X02127 X02128	Nucleus
d.16.a.H.volcanii.ps	R	16S	2246		Nucleus
d.16.b.H.halodenitrificans.ps	R	16S	28252		Nucleus
d.5.b.H.halophila.ps	R	5S	1053	X05052	Nucleus
d.5.a.H.saccharovorum.ps	R	5S	2248	L27162	Nucleus
d.16.e.H.plana.ps	R	16S	42021	U33133	Nucleus
b.16.m.H.ardens.ps	R	16S	59408	U94810	Mitochondrion
d.16.e.H.milleri.ps	R	16S	191605	AY090067	Nucleus
d.16.e.Hazardia.sp.ps	R	16S	191606	AY090066	Nucleus
d.16.b.H.pylori2.ps	R	16S	210		Nucleus
d.233.b.H.pylori.ps d.235.b.H.pylori.ps	R	23S	210	U27270	Nucleus
d.16.b.H.pylori.26695.GEN.ps	R	16S	85962		Nucleus
d.16.b.H.pylori.J99.GEN.ps	R	16S	85963	AE001534 AE001535	Nucleus
d.16.b.H.chlorum.ps	R	16S	2698		Nucleus
d.5.e.Hemicentrotus.sp.ps	R	5S	7651	X01004	Nucleus
d.16.m.H.auropunctatus.ps	R	16S	48418	Y08506	Mitochondrion
d.16.b.H.aurantiacus.ps	R	16S	65	M34117	Nucleus
d.16.c.H.akashiwo.ps	R	16S	2829		Chloroplast
d.16.e.H.anguillarum.ps	R	16S	184033	AF387331	Nucleus
a.16.e.Hexamita.sp.ps	R	16S	28003	Z17224	Nucleus
b.I1.e.H.rubra.1.C1.SSU.1506.ps	I	IC1	31481	L19345	Nucleus
d.16.e.H.rubra.ps	R	16S	31481	L19345	Nucleus
d.16.m.H.amphibius.ps	R	16S	9833	AJ010957	Mitochondrion
d.16.b.H.foetida.ps	R	16S	35839		Nucleus
d.5.e.H.sapiens.1.ps	R	5S	9606	Z75742	Nucleus
d.5.e.H.sapiens.2.ps	R	5S	9606	V00589	Nucleus
d.5.e.H.sapiens.3.ps	R	5S	9606	X71802	Nucleus
d.5.e.H.sapiens.4.ps	R	5S	9606	X51545	Nucleus
d.5.e.H.sapiens.5.ps	R	5S	9606	X71797	Nucleus
d.5.e.H.sapiens.6.ps	R	5S	9606	X71800	Nucleus
d.16.m.H.sapiens.5.ps	R	16S	9606	J01415	Mitochondrion
d.16.m.H.sapiens.geno.ps	R	16S	9606	NC_001807	Mitochondrion
d.16.e.H.sapiens.ps	R	16S	9606	K03432	Nucleus
d.16.c.H.africana.ps	R	16S	50133		Chloroplast
d.16.m.H.lar.2.ps	R	16S	9580	X99256	Mitochondrion
d.16.m.H.lar.geno.ps	R	16S	9580	NC_002082	Mitochondrion
d.5.e.H.sanguinea.ps	R	5S	6066	X01535	Nucleus
d.16.m.H.moschatus.ps	R	16S	65631	AF027997	Mitochondrion
d.16.e.I.hoferi.ps	R	16S	39843	U25637	Nucleus
d.16.e.Ichthyosporidium.sp.ps	R	16S	42181	L39110	Nucleus
d.5.e.I.iguana.ps	R	5S	8517	M10817	Nucleus
d.5.e.I.illecebrosus.ps	R	5S	6629	X00993	Nucleus
d.16.e.I.barri.ps	R	16S	145415	AY013359	Nucleus
d.16.b.I.pallida.ps	R	16S	128		Nucleus
d.16.e.J.libera.ps	R	16S	143017	AY117418	Nucleus
d.16.e.J.debaisieuxi.ps	R	16S	103452	AJ252950	Nucleus
d.5.e.K.microsticta.ps	R	5S	5423	M58387	Nucleus
d.233.m.K.tunicata.ps d.235.m.K.tunicata.ps	R	23S	34587	U09810	Mitochondrion
d.16.b.K.pneumoniae.ps	R	16S	573		Nucleus
d.235.b.K.pneumoniae.ps d.233.b.K.pneumoniae.ps	R	23S	573	X87284	Nucleus
a.I2.m.K.lactis.A.OX1.i1.ps	I	IIA	28985	X57546	Mitochondrion
d.16.e.L.minuta.ps	R	16S	33676	L27634	Nucleus
d.16.b.L.acidophilus.ps	R	16S	1579		Nucleus
a.I2.b.L.lactis.A.LtrB.i1.ps	I	IIA	1358	X89922	Nucleus
d.235.b.L.lactis.ps d.233.b.L.lactis.ps	R	23S	1358	X68434	Nucleus
d.16.b.L.lactis.GEN.ps	R	16S	1360		Nucleus
d.16.e.L.giganteum.ps	R	16S	4803	M54939 X54266	Nucleus
d.16.e.L.kittonii.ps	R	16S	210589	AF525667	Nucleus
d.5.e.L.decidua.ps	R	5S	71402	AJ010579	Nucleus
d.16.e.L.obtusa.ps	R	16S	174682	AF394527	Nucleus
d.16.e.L.borealis.ps	R	16S	49255	X85399	Nucleus
a.I1.e.L.dispersa.UNK.SSU.789.ps	I	I	39935	L37734	Nucleus
a.I1.e.L.dispersa.UNK.SSU.114.ps	I	I	39935	L37734	Nucleus
a.I1.e.L.dispersa.UNK.SSU.287.ps	I	I	39935	L37734	Nucleus
a.I1.e.L.dispersa.UNK.SSU.1210.ps	I	I	39935	L37734	Nucleus
a.I1.e.L.dispersa.UNK.SSU.1516.ps	I	I	39935	L37734	Nucleus
a.I1.e.L.dispersa.UNK.SSU.1046.ps	I	I	39935	L37734	Nucleus
a.I1.e.L.dispersa.UNK.SSU.516.ps	I	I	39935	L37734	Nucleus
d.16.b.L.pneumophila.2.ps	R	16S	446		Nucleus
d.16.b.L.pneumophila.1.ps	R	16S	446		Nucleus
d.16.e.L.major.ps	R	16S	5664	AC005806	Nucleus
a.16.m.L.tarentolae.ps	R	16S	5689	M10126	Mitochondrion
d.16.m.L.catta.ps	R	16S	9447	AF038013	Mitochondrion
d.5.e.L.edodes.ps	R	5S	5353	AB030581	Nucleus
d.16.e.L.danicus.ps	R	16S	163516	AJ535175	Nucleus
d.16.b.L.illini.ps	R	16S	183		Nucleus
d.16.b.L.interrogans.ps	R	16S	173		Nucleus
d.233.b.L.interrogans.ps d.235.b.L.interrogans.ps	R	23S	173	X14249	Nucleus
d.16.b.Leptospirillium.sp.ps	R	16S	90958		Nucleus
d.5.e.L.japonicum.ps	R	5S	94989	D00076	Nucleus
d.5.e.L.geniculatus.ps	R	5S	6224	X00020	Nucleus
d.5.e.L.usitatissimum.ps	R	5S	4006	X01531	Nucleus
d.16.b.L.monocytogenes.ps	R	16S	1639		Nucleus
d.235.b.L.monocytogenes.1.ps d.233.b.L.monocytogenes.1.ps	R	23S	1639	X64533	Nucleus
d.233.b.L.monocytogenes.2.ps d.235.b.L.monocytogenes.2.ps	R	23S	1639	X68420	Nucleus
d.5.b.L.anguillarum.ps	R	5S	55601	X00932	Nucleus
d.5.b.L.pelagia.ps	R	5S	28169	X02251	Nucleus
d.16.e.L.undulatum.ps	R	16S	59812	Y10569	Nucleus
a.I1.c.C.pallidostigmatica.B4.LSU.1931.ps	I	IB	52035	L36830	Chloroplast
d.233.m.L.bleekeri.ps d.235.m.L.bleekeri.ps	R	23S	6617	AB009838	Mitochondrion
d.16.e.L.acerinae.ps	R	16S	103443	AJ252951	Nucleus
d.233.m.L.terrestris.ps d.235.m.L.terrestris.ps	R	23S	6398	U24570	Mitochondrion
d.5.e.L.luteus.ps	R	5S	3873	Z93433	Nucleus
b.16.m.L.crassicaudata.ps	R	16S	38620	U33494	Mitochondrion
b.16.m.M.giganteus.ps	R	16S	9317	X86941	Mitochondrion
a.I1.m.M.grisea.B2.ND1.ps	I	IB2	148305	X96412	Mitochondrion
d.16.m.Manis.sp.ps	R	16S	49127	U61079	Mitochondrion
a.I2.m.M.polymorpha.B.trnS.i1.ps	I	IIB	3197	M68929	Mitochondrion
d.16.c.M.polymorpha.ps	R	16S	3197		Chloroplast
a.I2.m.M.polymorpha.A.SSU.911.ps	I	IIA	3197	M68929	Mitochondrion
b.16.m.M.polymorpha.ps	R	16S	3197	M68929	Mitochondrion
a.16.e.P.balamuthi.ps	R	16S	108607	L23799	Nucleus
d.16.e.M.varians.ps	R	16S	49256	X85402	Nucleus
d.5.e.M.auratus.ps	R	5S	10036	J00063	Nucleus
d.16.m.M.auratus.ps	R	16S	10036	X84390	Mitochondrion
d.16.b.M.loti.ps	R	16S	381		Nucleus
a.I1.e.M.caldariorum.C1.SSU.1506.ps	I	IC1	31321	X75763	Nucleus
d.5.e.M.glyptostroboides.ps	R	5S	3371	M10432	Nucleus
d.5.a.M.formicicum.ps	R	5S	2162	X62859	Nucleus
d.16.a.M.formicicum.ps	R	16S	2162		Nucleus
d.5.a.M.jannaschii.rrnA.ps	R	5S	2190	U67537 L77117	Nucleus
d.5.a.M.jannaschii.rrnB.ps	R	5S	2190	U67518 L77117	Nucleus
d.16.a.M.vannielii.ps	R	16S	2187		Nucleus
d.5.a.M.tindarius.1.ps	R	5S	2221	M34910	Nucleus
d.5.a.M.barkeri.ps	R	5S	2208	M36188	Nucleus
d.5.a.M.vacuolata.ps	R	5S	2215	X62864	Nucleus
d.16.a.M.hungatei.ps	R	16S	2203		Nucleus
d.5.a.M.thermautotrophicus.1.ps	R	5S	145262	M36186	Nucleus
d.16.a.M.thermautotrophicus.1.ps	R	16S	145262		Nucleus
d.16.a.M.thermautotrophicus.2.ps	R	16S	145262		Nucleus
d.5.a.M.thermolithotrophicus.2.ps	R	5S	2186	M34911	Nucleus
d.5.a.M.fervidus.ps	R	5S	2180	M26976	Nucleus
d.16.b.Methylobacterium.sp.ps	R	16S	409		Nucleus
d.16.b.M.capsulatus.ps	R	16S	414		Nucleus
a.I1.m.M.senile.B1.OX1.ps	I	IB1	6116	U36783	Mitochondrion
b.16.m.M.senile.ps	R	16S	6116	S75445	Mitochondrion
a.I1.m.M.senile.B2.ND5.ps	I	IB2	6116	U36784	Mitochondrion
d.16.e.M.prolifera.ps	R	16S	27928	L10825	Nucleus
d.5.b.M.luteus.ps	R	5S	1270	K02682	Nucleus
d.16.b.M.luteus.ps	R	16S	1270		Nucleus
d.233.b.M.luteus.ps d.235.b.M.luteus.ps	R	23S	1270	X06484	Nucleus
d.16.b.M.aeruginosa.ps	R	16S	1126	U03402 Z28699	Nucleus
d.16.e.Microgemma.sp.ps	R	16S	103454	AJ252952	Nucleus
d.5.e.M.salmoides.ps	R	5S	27706	L49397	Nucleus
d.16.e.M.prosopium.ps	R	16S	96063	AF151529	Nucleus
d.16.e.Microsporidium.sp.DP119.ps	R	16S	174678	AF394528	Nucleus
d.5.e.M.fossilis.ps	R	5S	7984	V00647	Nucleus
d.16.e.M.leidyi.ps	R	16S	27923	L10826	Nucleus
a.I1.e.M.fructicola.C1.SSU.943.ps	I	IC1	38448	Y14211	Nucleus
a.I1.e.M.scalaris.C1.SSU.1506.ps	I	IC1	13158	X70705	Nucleus
d.16.e.M.circinelloides.ps	R	16S	29924	AF113427	Nucleus
d.16.e.M.racemosus.ps	R	16S	4841	X54863	Nucleus
d.5.e.M.musculus.ps	R	5S	10090	X71804	Nucleus
d.16.m.M.musculus.ps	R	16S	10090	J01420	Mitochondrion
d.16.e.M.musculus.ps	R	16S	10090	X00686	Nucleus
b.16.m.M.avellanarius.ps	R	16S	39082	X84384	Mitochondrion
d.16.m.M.putorius.ps	R	16S	9668	Y08516	Mitochondrion
d.16.b.M.avium.ps	R	16S	1764		Nucleus
d.16.b.M.leprae.ps	R	16S	1769		Nucleus
d.16.b.M.leprae.GEN.ps	R	16S	1769		Nucleus
d.233.b.M.leprae.ps d.235.b.M.leprae.ps	R	23S	1769	X56657	Nucleus
d.16.b.M.tuberculosis.3.ps	R	16S	1773		Nucleus
d.16.b.M.tuberculosis.2.ps	R	16S	1773		Nucleus
d.16.b.M.tuberculosis.GEN.ps	R	16S	1773		Nucleus
d.16.b.M.tuberculosis.CDC1551.G.ps	R	16S	83331		Nucleus
d.5.b.M.capricolum.ps	R	5S	2095	V00646	Nucleus
d.16.b.M.capricolum.ps	R	16S	2095		Nucleus
d.16.b.M.gallisepticum.ps	R	16S	2096		Nucleus
d.5.b.M.genitalium.ps	R	5S	2097	U39694	Nucleus
d.16.b.M.genitalium.ps	R	16S	2097		Nucleus
d.233.b.M.genitalium.ps d.235.b.M.genitalium.ps	R	23S	2097	U39694	Nucleus
d.16.b.M.hyopneumoniae.ps	R	16S	2099		Nucleus
d.16.b.M.mycoides.ps	R	16S	2102		Nucleus
d.16.b.M.pneumoniae.ps	R	16S	2104		Nucleus
d.16.b.M.pneumoniae.GEN.ps	R	16S	2104	AE000008	Nucleus
d.233.b.M.pneumoniae.ps d.235.b.M.pneumoniae.ps	R	23S	2104	X68422 U00089	Nucleus
d.233.m.M.edulis.ps d.235.m.M.edulis.ps	R	23S	6550	M83756	Mitochondrion
a.16.e.M.edulis.ps	R	16S	6550	L24489	Nucleus
d.16.b.M.xanthus.ps	R	16S	34		Nucleus
d.16.e.N.fowleri.ps	R	16S	5763	AF338423	Nucleus
d.16.e.N.gruberi.ps	R	16S	5762	M18732	Nucleus
d.16.a.N.equitans.ps	R	16S	160232		Nucleus
d.5.a.N.magadii.ps	R	5S	13769	X72495	Nucleus
d.16.a.N.innermongoliae.ps	R	16S	61609		Nucleus
d.16.a.N.bangense.ps	R	16S	61858		Nucleus
d.16.b.N.gonorrhoeae.ps	R	16S	485		Nucleus
d.235.b.N.gonorrhoeae.ps d.233.b.N.gonorrhoeae.ps	R	23S	485	X67293	Nucleus
d.16.b.N.meningitidis.MD58.GEN.ps	R	16S	487		Nucleus
d.16.b.N.meningitidis.Z2491.GEN.ps	R	16S	487		Nucleus
d.233.b.N.meningitidis.ps d.235.b.N.meningitidis.ps	R	23S	487	X67300	Nucleus
d.16.e.N.helminthoides.ps	R	16S	35200	L26196	Nucleus
d.16.e.N.shawii.ps	R	16S	202686	AF506272	Nucleus
d.16.e.N.tortuosa.ps	R	16S	101922	AF342743	Nucleus
d.5.e.N.dofleini.ps	R	5S	6150	K02350	Nucleus
b.16.m.N.olivacea.ps	R	16S	31312	AF110138	Mitochondrion
d.16.c.N.olivacea.ps	R	16S	31312		Chloroplast
a.I1.m.N.crassa.B2.ND1.ps	I	IB2	5141	X03280	Mitochondrion
a.I1.m.N.crassa.C1.ND4L.ps	I	IC1	5141	X05115	Mitochondrion
d.16.e.N.crassa.ps	R	16S	5141	X04971	Nucleus
b.16.m.N.crassa.ps	R	16S	5141	L33367 Z34001	Mitochondrion
a.I1.c.N.tabacum.C3.tLEU.ps	I	IC3	4097	M16898 Z00044	Chloroplast
a.I2.c.N.tabacum.A.S12.i2.ps	I	IIA	4097	Z00044	Chloroplast
a.I2.c.N.tabacum.A.trnV.i1.ps	I	IIA	4097	Z00044 K01727	Chloroplast
a.I2.c.N.tabacum.A.L2.i1.ps	I	IIA	4097	Z00044	Chloroplast
a.I2.c.N.tabacum.B.ND2.i1.ps	I	IIB	4097	Z00044	Chloroplast
a.I2.c.N.tabacum.B.trnG.i1.ps	I	IIB	4097	Z00044	Chloroplast
a.I2.c.N.tabacum.A.A6.i1.ps	I	IIA	4097	Z00044 M10124	Chloroplast
a.I2.c.N.tabacum.A.trnI.i1.ps	I	IIA	4097	Z00044	Chloroplast
a.I2.c.N.tabacum.A.trnA.i1.ps	I	IIA	4097	Z00044	Chloroplast
a.I2.c.N.tabacum.B.RPC1.i1.ps	I	IIB	4097	Z00044	Chloroplast
a.I2.c.N.tabacum.B.pD.i1.ps	I	IIB	4097	Z00044	Chloroplast
a.I2.c.N.tabacum.B.pB.i1.ps	I	IIB	4097	Z00044	Chloroplast
a.I2.c.N.tabacum.B.S16.i1.ps	I	IIB	4097	X03415	Chloroplast
a.I2.c.N.tabacum.B.L16.i1.ps	I	IIB	4097	Z00044	Chloroplast
a.I2.c.N.tabacum.B.ND1.i1.ps	I	IIB	4097	Z00044	Chloroplast
d.16.c.N.tabacum.ps	R	16S	4097		Chloroplast
d.16.e.N.tabacum.ps	R	16S	4097	AJ236016	Nucleus
a.I2.c.N.tabacum.A.trnK.i1.ps	I	IIA	4097	Z00044	Chloroplast
d.16.b.N.asteroides.ps	R	16S	1824		Nucleus
d.16.e.N.apis.ps	R	16S	35231	U97150	Nucleus
d.16.e.N.bombycis.27.ps	R	16S	27978	AB097401	Nucleus
d.16.e.N.bombycis.02.ps	R	16S	27978	D85503	Nucleus
d.16.e.N.ceranae.1.ps	R	16S	40302	U26533	Nucleus
d.16.e.N.furnacalis.ps	R	16S	40301		Nucleus
d.16.e.N.necatrix.ps	R	16S	35230	U11051	Nucleus
d.16.e.N.oulemae.ps	R	16S	40303		Nucleus
d.16.e.Nosema.sp.03.ps	R	16S	40300	AF240350	Nucleus
d.16.e.Nosema.sp.02.ps	R	16S	40300	AF240349	Nucleus
d.16.e.Nosema.sp.05.ps	R	16S	40300	AF240352	Nucleus
d.16.e.N.spodopterae.ps	R	16S	231490	AY211392	Nucleus
d.16.e.N.trichoplusiae.ps	R	16S	35227	U09282	Nucleus
d.16.e.P.whitei.ps	R	16S	235220	AY305323	Nucleus
d.5.e.N.viridescens.ps	R	5S	8316	X06097	Nucleus
d.16.m.N.typhlops.ps	R	16S	37699	U61075	Mitochondrion
d.16.e.N.salmonis.ps	R	16S	54411	AF185996	Nucleus
d.16.m.N.robinsoni.ps	R	16S	58079	U93061	Mitochondrion
d.16.m.O.virginianus.ps	R	16S	9874	M35874	Mitochondrion
d.16.e.O.sinensis.ps	R	16S	2839	Y10570	Nucleus
b.16.m.O.berteriana.ps	R	16S	3950	X61277	Mitochondrion
b.16.e.O.utahensis.ps	R	16S	30160	U06478	Nucleus
d.16.e.O.occidentalis.ps	R	16S	200899	AF495379	Nucleus
d.5.e.O.cervicalis.ps	R	5S	35522	U13678	Nucleus
d.5.e.O.mykiss.ps	R	5S	8022	J01861	Nucleus
b.16.m.O.mykiss.ps	R	16S	8022	L29771	Mitochondrion
d.16.e.O.quadricornutus.ps	R	16S	6028	X53485	Nucleus
d.16.e.O.colligata.ps	R	16S	174685	AF394529	Nucleus
d.16.m.O.anatinus.ps	R	16S	9258	U33498 X83427	Mitochondrion
d.16.e.O.operophterae.ps	R	16S	148817	AJ302316	Nucleus
d.16.m.O.afer.ps	R	16S	9818	Y18475	Mitochondrion
d.16.m.O.cuniculus.ps	R	16S	9986	AJ001588	Mitochondrion
d.16.e.O.cuniculus.ps	R	16S	9986	X06778	Nucleus
d.5.e.O.sativa.1.ps	R	5S	4530	M18171	Nucleus
d.5.e.O.sativa.2.ps	R	5S	4530	M18170	Nucleus
d.16.e.O.sativa.ps	R	16S	4530	X00755	Nucleus
d.235.e.O.sativa.ps d.233.e.O.sativa.ps	R	23S	4530	M11585 M16845 M35384 M82048 M19228	Nucleus
d.16.m.O.aries.ps	R	16S	9940	AF010406	Mitochondrion
d.16.e.O.granulifera.2.ps	R	16S	5947	AF164122	Nucleus
d.16.e.O.granulifera.1.ps	R	16S	5947	X53486	Nucleus
d.16.e.O.longa.ps	R	16S	99908	AF164125	Nucleus
d.16.c.P.palmata.ps	R	16S	2822		Chloroplast
d.16.e.P.palmata.ps	R	16S	2822	Z14142	Nucleus
b.16.m.P.troglodytes.ps	R	16S	9598	D38113	Mitochondrion
b.16.m.P.lividus.ps	R	16S	7656	J04815	Mitochondrion
d.16.e.P.sol.ps	R	16S	216908	AJ535174	Nucleus
d.5.e.P.tetraurelia.ps	R	5S	5888	J01872	Nucleus
b.16.m.P.tetraurelia.ps	R	16S	5888	K01751	Mitochondrion
d.16.e.P.anophelis.ps	R	16S	33690	AF027682	Nucleus
d.16.e.P.weissei.ps	R	16S	99909	AF164127	Nucleus
d.16.e.P.lepisma.ps	R	16S	99922	AF164132	Nucleus
d.16.b.P.multocida.ps	R	16S	747		Nucleus
d.16.b.P.multocida.GEN.ps	R	16S	747	AE006192	Nucleus
d.16.e.P.chromatophora.ps	R	16S	39717	X81811	Nucleus
d.233.m.P.maximus.ps d.235.m.P.maximus.ps	R	23S	6579	X92688	Mitochondrion
b.16.m.P.minor.ps	R	16S	3159	AF116775	Mitochondrion
d.16.c.P.minor.ps	R	16S	3159	AF393605	Chloroplast
a.I1.e.P.clavariiformis.C1.SSU.943.ps	I	IC1	70111	AB003945	Nucleus
b.16.m.P.chrysogenum.ps	R	16S	5076	Z23072 L01493	Mitochondrion
d.5.e.P.brevicirris.ps	R	5S	6356	X00996	Nucleus
d.16.e.P.marinus.ps	R	16S	31276	AF497479	Nucleus
d.16.b.P.miotherma.ps	R	16S	28237		Nucleus
d.5.e.P.hybrida.1.ps	R	5S	4102	X07930	Nucleus
d.5.e.P.hybrida.2.ps	R	5S	4102	X07929	Nucleus
a.I2.m.P.hybrida.A.OX2.i1.ps	I	IIA	4102	X17394	Mitochondrion
d.16.m.P.cinereus.ps	R	16S	38626	U61076	Mitochondrion
d.5.e.P.gouldii.ps	R	5S	6442	X00994	Nucleus
a.I1.b.Phormidium.sp.N182.C3.tLEU.ps	I	IC3	1199	M61163	Nucleus
d.5.b.P.angustum.ps	R	5S	661	X02256	Nucleus
d.5.b.P.damselae.ps	R	5S	85581	X02252	Nucleus
d.5.b.Photobacterium.sp.ps	R	5S	660	X02022	Nucleus
a.I1.e.P.polycephalum.C1.LSU.1925.ps	I	IC1	5791	L03183	Nucleus
d.16.m.P.polycephalum.ps	R	16S	5791	X75592	Mitochondrion
d.5.e.Phytomonas.sp.ps	R	5S	134003	AF243335	Nucleus
d.16.a.P.torridus.ps	R	16S	263820		Nucleus
d.16.c.P.thurberi.ps	R	16S	51500	U67741	Chloroplast
d.5.e.P.radiata.ps	R	5S	3347	Z33604	Nucleus
a.I1.c.P.thunbergii.C3.tLEU.ps	I	IC3	3350	D17510	Chloroplast
d.16.b.P.staleyi.ps	R	16S	125		Nucleus
a.I2.m.P.sativum.B.S10.i1.ps	I	IIB	3888	X80854	Mitochondrion
a.16.e.P.magellanicus.ps	R	16S	6577	X53899	Nucleus
d.5.b.P.brasiliensis.ps	R	5S	119	M35168	Nucleus
d.16.b.P.Schlesner.ps	R	16S	501083		Nucleus
d.16.b.O.agardhii.ps	R	16S	1160		Nucleus
d.5.e.P.reticulata.ps	R	5S	6168	X01550	Nucleus
d.16.e.Pla.lanceolata.ps	R	16S	39414	AJ236046	Nucleus
d.16.c.P.falciparum.ps	R	16S	5833	X57167 X95275	Chloroplast
d.16.e.P.falciparum.A.ps	R	16S	5833	M19172	Nucleus
d.16.e.P.falciparum.S.ps	R	16S	5833	M19173	Nucleus
d.233.c.P.falciparum.ps d.235.c.P.falciparum.ps	R	23S	5833	X61660 X95275	Chloroplast
d.233.e.P.falciparum.A.ps d.235.e.P.falciparum.A.ps	R	23S	5833	U21939	Nucleus
d.233.e.P.falciparum.S.ps d.235.e.P.falciparum.S.ps	R	23S	5833	U48228	Nucleus
d.16.c.P.vivax.ps	R	16S	5855	AF040974	Chloroplast
d.16.e.P.vivax.A.ps	R	16S	5855	U07367	Nucleus
d.16.e.P.vivax.S.ps	R	16S	5855	U07368	Nucleus
d.16.e.P.vivax.O.ps	R	16S	5855	U93095	Nucleus
d.16.e.P.hippoglossoideos.ps	R	16S	73785	AJ252953	Nucleus
d.16.e.P.mirandellae.ps	R	16S	103444	AJ252954	Nucleus
d.16.e.Pleistophora.sp.ps	R	16S	35234	U10342	Nucleus
d.16.e.Pleistophora.sp.LS.ps	R	16S	103448	AJ252959	Nucleus
d.5.b.P.shigelloides.ps	R	5S	703	X02264	Nucleus
d.16.b.P.shigelloides.ps	R	16S	703		Nucleus
d.233.b.P.shigelloides.ps d.235.b.P.shigelloides.ps	R	23S	703	X65487	Nucleus
d.16.b.Pleurocapsa.7516.ps	R	16S	44475		Nucleus
d.5.e.P.waltl.ps	R	5S	8319	X16851	Nucleus
d.16.e.P.laevis.ps	R	16S	216796	AJ535188	Nucleus
d.16.e.Ple.lanceolata.ps	R	16S	57511	AF508768	Nucleus
d.16.e.P.pulvinata.ps	R	16S	35206	U09618	Nucleus
a.I1.e.P.carinii.Pc2.C1.LSU.1921.ps	I	IC1	4754	L13614	Nucleus
a.I1.e.P.carinii.Pc1.C1.LSU.1921.ps	I	IC1	4754	M86760	Nucleus
a.I1.e.P.carinii.Pc3.C1.LSU.1921.ps	I	IC1	4754	L13615	Nucleus
a.I1.e.P.carinii.C1.SSU.1506.ps	I	IC1	4754	X12708 X13687	Nucleus
d.16.e.P.carinii.ps	R	16S	4754	X12708 X14982	Nucleus
a.I1.m.P.anserina.D.CYTB.ps	I	ID	5145	X55026	Mitochondrion
a.I1.m.P.anserina.C1.ND4L.i1.ps	I	IC1	5145	X55026	Mitochondrion
b.16.m.P.anserina.ps	R	16S	5145	X14734	Mitochondrion
d.16.e.P.anserina.ps	R	16S	5145	X54864	Nucleus
a.I1.m.P.anserina.C1.ND1.i1.ps	I	IC1	5145	X55026 X03127	Mitochondrion
a.I1.m.P.anserina.C1.ND4L.i2.ps	I	IC1	5145	X55026	Mitochondrion
a.I1.m.P.anserina.B2.ND1.i4.ps	I	IB2	5145	X13164	Mitochondrion
a.I2.m.P.anserina.A.ND5.i4.ps	I	IIA	5145	X55026	Mitochondrion
d.16.e.P.simulii.ps	R	16S	103456	AJ252960	Nucleus
d.16.c.P.obtusum.ps	R	16S	40530		Chloroplast
d.16.c.P.oviforme.ps	R	16S	40531		Chloroplast
d.16.c.P.uvella.ps	R	16S	40532		Chloroplast
d.16.e.P.pseudodenticulata.ps	R	16S	263736	X85398	Nucleus
b.I1.e.P.leucosticta.C1.SSU.516.ps	I	IC1	35146	AF342746	Nucleus
a.I1.e.P.spiralis.B.C1.SSU.1506.ps	I	IC1	31350	L26175	Nucleus
a.I1.e.P.spiralis.D.C1.SSU.1506.ps	I	IC1	31350	L26176	Nucleus
a.I1.e.P.spiralis.R.C1.SSU.1506.ps	I	IC1	31350	L26177	Nucleus
a.I1.e.P.yezoensis.C1.SSU.516.ps	I	IC1	2788	D79976	Nucleus
d.16.e.P.aerugineum.1.ps	R	16S	2792	L27635	Nucleus
d.16.b.P.gingivalis.ps	R	16S	837	L16492	Nucleus
d.5.e.P.coxalis.ps	R	5S	63229	Y14281	Nucleus
a.I1.b.P.hollandica.1.C3.trnL.ps	I	IC3	1223		Nucleus
d.16.b.C.vibrioforme.ps	R	16S	1098		Nucleus
d.5.b.P.vulgaris.ps	R	5S	585	X02039	Nucleus
d.16.b.P.vulgaris.ps	R	16S	585	X07652	Nucleus
a.I1.e.P.sarcinoidea.C1.SSU.943.ps	I	IC1	53263	Z47998	Nucleus
a.I1.e.P.inouyei.C1.SSU.943.ps	I	IC1	27332	D11377	Nucleus
a.I1.e.P.inouyei.C1.SSU.1506.ps	I	IC1	27332	D11377	Nucleus
a.I1.e.P.macrosporus.C1.SSU.943.ps	I	IC1	48147	D85143	Nucleus
a.I1.e.P.macrosporus.C1.SSU.1506.ps	I	IC1	48147	D85143	Nucleus
a.I1.e.P.pachydermus.C1.SSU.943.ps	I	IC1	48148	D85142	Nucleus
a.I1.e.P.pachydermus.C1.SSU.1506.ps	I	IC1	48148	D85142	Nucleus
b.16.m.P.dolloi.ps	R	16S	27779	L42813	Mitochondrion
d.16.c.P.wickerhamii.ps	R	16S	3111		Chloroplast
b.16.m.P.wickerhamii.ps	R	16S	3111	X15435	Mitochondrion
d.16.e.P.tremulans.ps	R	16S	167961		Nucleus
d.16.e.Pseudogomphonema.sp.ps	R	16S	216731	AJ535152	Nucleus
d.5.b.P.aeruginosa.1.ps	R	5S	287	K02353	Nucleus
d.5.b.P.aeruginosa.2.ps	R	5S	287	X06694	Nucleus
d.16.b.P.aeruginosa.ps	R	16S	287		Nucleus
d.16.b.P.aeruginosa.GEN.ps	R	16S	287	AE004501	Nucleus
d.233.b.P.aeruginosa.ps d.235.b.P.aeruginosa.ps	R	23S	287	Y00432	Nucleus
d.5.b.P.fluorescens.ps	R	5S	294	X01557	Nucleus
d.16.b.P.putida.ps	R	16S	303		Nucleus
d.16.b.Pseudomonas.sp.ps	R	16S	306		Nucleus
d.5.b.P.stutzeri.ps	R	5S	316	M34776	Nucleus
d.5.b.P.stutzeri.2.ps	R	5S	316	U65012	Nucleus
d.5.b.P.hydrocarbonoxydans.ps	R	5S	76726	Z50058	Nucleus
d.16.e.P.cristatellae.ps	R	16S	202247	AF484694	Nucleus
d.16.e.P.haeckeli.ps	R	16S	42463	U33180	Nucleus
d.16.b.P.pacificensis.ps	R	16S	112002		Nucleus
a.I2.m.P.littoralis.B.LSU.2509.ps	I	IIB	2885	Z48620	Mitochondrion
a.I2.m.P.littoralis.B.LSU.2451.ps	I	IIB	2885	Z48620	Mitochondrion
d.16.c.P.littoralis.ps	R	16S	2885		Chloroplast
b.16.m.P.littoralis.ps	R	16S	2885	X14874	Mitochondrion
a.I2.m.P.littoralis.B.LSU.575.ps	I	IIB	2885	Z48620	Mitochondrion
a.I2.m.P.littoralis.B.LSU.1787.ps	I	IIB	2885	Z48620	Mitochondrion
d.16.c.P.parkeae.ps	R	16S	36894	AF393608	Chloroplast
d.5.a.P.aerophilum.ps	R	5S	13773	AE009942	Nucleus
d.16.a.P.abyssi.ps	R	16S	29292		Nucleus
d.16.a.P.furiosus.ps	R	16S	2261		Nucleus
d.16.a.P.horikoshii.ps	R	16S	53953		Nucleus
d.5.a.P.woesei.ps	R	5S	2262	X15329	Nucleus
d.5.a.P.occultum.ps	R	5S	2309	M21086	Nucleus
d.16.a.P.occultum.ps	R	16S	2309		Nucleus
d.5.e.Q.petraea.ps	R	5S	38865	AJ242949	Nucleus
b.16.m.R.catesbeiana.ps	R	16S	8400	X12841	Mitochondrion
d.5.e.R.norvegicus.1.ps	R	5S	10116	X83746	Nucleus
d.5.e.R.norvegicus.2.ps	R	5S	10116	X83747	Nucleus
d.5.e.R.norvegicus.3.ps	R	5S	10116	X83748	Nucleus
d.16.m.R.norvegicus.ps	R	16S	10116	J01438	Mitochondrion
d.16.e.R.norvegicus.ps	R	16S	10116		Nucleus
d.16.e.R.americana.ps	R	16S	48483	AY117417	Nucleus
d.16.e.R.belgicae.ps	R	16S	33647	X77703	Nucleus
d.16.m.R.unicornis.ps	R	16S	9809	X97336	Mitochondrion
d.16.e.R.oryzae.ps	R	16S	64495	AF113440	Nucleus
d.16.e.R.maculata.ps	R	16S	38298	U21217	Nucleus
d.5.b.R.capsulatus.ps	R	5S	1061	X04585	Nucleus
d.16.b.R.orientis.ps	R	16S	34017		Nucleus
d.16.b.R.acidophilus.ps	R	16S	1074		Nucleus
d.16.e.R.parvula.ps	R	16S	110510		Nucleus
d.16.b.R.erythropolis.ps	R	16S	1833		Nucleus
d.16.e.R.carriebowensis.ps	R	16S	31496	AF006089	Nucleus
d.16.e.R.leptophylla.ps	R	16S	105598	U09621	Nucleus
d.16.c.R.communis.ps	R	16S	3988		Chloroplast
d.16.b.R.bellii.ps	R	16S	33990		Nucleus
d.16.b.R.felis.URRWXCal2.ps	R	16S	315456	CP000053	Nucleus
d.16.b.R.prowazekii.ps	R	16S	782		Nucleus
d.16.b.R.prowazekii.GEN.ps	R	16S	782		Nucleus
d.233.b.R.prowazekii.ps d.235.b.R.prowazekii.ps	R	23S	782	AJ235270	Nucleus
d.16.b.R.rickettsii.ps	R	16S	783		Nucleus
d.233.b.R.rickettsii.ps d.235.b.R.rickettsii.ps	R	23S	783	U11022	Nucleus
d.235.b.R.amylophilus.ps d.233.b.R.amylophilus.ps	R	23S	867	X06765	Nucleus
d.5.e.S.cerevisiae.ps	R	5S	4932	X67579	Nucleus
a.I2.m.S.cerevisiae.B.OX1.i5.ps	I	IIB	4932	V00694	Mitochondrion
a.I1.m.S.cerevisiae.A1.LSU.2449.ps	I	IA1	4932	X00149	Mitochondrion
b.16.m.S.cerevisiae.ps	R	16S	4932	V00704	Mitochondrion
d.16.e.S.cerevisiae.ps	R	16S	4932	U53879	Nucleus
a.I2.m.S.cerevisiae.A.OX1.i1.ps	I	IIA	4932	V00694	Mitochondrion
b.233.m.S.cerevisiae.ps b.235.m.S.cerevisiae.ps	R	23S	4932	J01527	Mitochondrion
d.235.e.S.cerevisiae.ps d.233.e.S.cerevisiae.ps	R	23S	4932	U53879	Nucleus
h.I2.m.S.cerevisiae.B.OX1.i5.hlxnum.ps	I	IIB	600301		Mitochondrion
h.I2.m.S.cerevisiae.A.OX1.i1.hlxnum.ps	I	IIA	600301		Mitochondrion
s.I2.m.S.cerevisiae.B.OX1.i5.schem.ps	I	IIB	600302		Mitochondrion
s.I2.m.S.cerevisiae.A.OX1.i1.schem.ps	I	IIA	600302		Mitochondrion
d.5.e.S.kowalevskii.ps	R	5S	10224	X06836	Nucleus
b.16.m.S.salar.ps	R	16S	8030	U12143	Mitochondrion
d.5.e.S.cynthia.XBM.ps	R	5S	116777	X13037	Nucleus
d.16.m.S.aquaticus.ps	R	16S	71119	AF069539	Mitochondrion
a.I2.m.S.obliquus.B.LSU.2455.ps	I	IIB	3088	X17375	Mitochondrion
d.5.e.S.aggregatum.ps	R	5S	4773	X06104	Nucleus
d.5.e.S.pombe.1.ps	R	5S	4896	K00570	Nucleus
d.5.e.S.pombe.6.ps	R	5S	4896	K00569	Nucleus
a.I1.m.S.pombe.B1.OX1.ps	I	IB1	4896	M15669	Mitochondrion
d.16.m.S.aestuans.ps	R	16S	84648	AJ012746	Mitochondrion
a.I1.e.S.sclerotiorum_1837.C1.LSU.798.ps	I	IC1	5180	AJ226089	Nucleus
a.I1.m.S.sclerotiorum.C2.SSU.570.ps	I	IC2	5180	U07553	Mitochondrion
d.16.e.S.cerradensis.ps	R	16S	121125	AB041344	Nucleus
d.5.e.S.canicula.ps	R	5S	7830	M24954	Nucleus
b.16.m.S.canicula.ps	R	16S	7830	Y16067	Mitochondrion
a.I1.b.S.hofmanii.C3.tMET.ps	I	IC3	34078	U10481	Nucleus
b.16.m.S.cereale.ps	R	16S	4550	Z14059	Mitochondrion
d.16.e.S.pupula.ps	R	16S	216742	AJ535155	Nucleus
d.5.e.S.officinalis.ps	R	5S	6610	X05234	Nucleus
d.16.b.S.marcescens.ps	R	16S	615		Nucleus
d.16.e.S.indicum.ps	R	16S	4182	AJ236041	Nucleus
d.5.b.S.colwelliana.ps	R	5S	23	X15180	Nucleus
d.5.b.S.hanedai.ps	R	5S	25	X15181	Nucleus
d.5.b.S.putrefaciens.ps	R	5S	24	X02250	Nucleus
d.16.b.S.putrefaciens.ps	R	16S	24	X81623	Nucleus
d.16.b.S.dysenteriae.1.ps	R	16S	622	X80680	Nucleus
d.16.b.S.dysenteriae.2.ps	R	16S	622	X96966	Nucleus
a.I1.b.S.negevensis.B4.LSU.1931.ps	I	IB	83561	U68460	Nucleus
d.16.e.S.alba.ps	R	16S	3728	X17062	Nucleus
d.16.e.S.costatum.ps	R	16S	2843	X85395	Nucleus
d.16.c.S.pseudocostatum.ps	R	16S	41457		Chloroplast
d.16.e.S.culisetae.ps	R	16S	4889	D29950	Nucleus
d.16.e.S.tuberosum.ps	R	16S	4113	X67238	Nucleus
a.I1.c.S.bicolor.C3.tLEU.ps	I	IC3	4558	M13662	Chloroplast
a.I1.c.S.alterniflora.C3.tLEU.ps	I	IC3	29706	Z69914	Chloroplast
a.I1.c.S.anglica.C3.tLEU.ps	I	IC3	49785	Z69912	Chloroplast
a.I1.c.S.maritima.C3.tLEU.ps	I	IC3	49786	Z69911	Chloroplast
a.I1.c.S.x.townsendii.C3.tLEU.ps	I	IC3	198504	Z69913	Chloroplast
d.16.e.S.destruens.ps	R	16S	42893	L29455	Nucleus
a.I1.e.S.granulatum.C1.SSU.1506.ps	I	IC1	35867	X79496	Nucleus
d.16.c.S.oleracea.ps	R	16S	3562	AJ400848	Chloroplast
d.235.c.S.oleracea.ps d.233.c.S.oleracea.ps	R	23S	3562	AJ400848	Chloroplast
d.16.b.S.aurantia.ps	R	16S	147		Nucleus
d.5.b.S.pasteurii.ps	R	5S	1474	X02024	Nucleus
d.16.e.S.lophii.ps	R	16S	51541	AF033197	Nucleus
d.5.b.S.aureus.ps	R	5S	1280	L36472	Nucleus
d.16.b.S.aureus.ps	R	16S	1280		Nucleus
d.233.b.S.aureus.ps d.235.b.S.aureus.ps	R	23S	1280	X68425	Nucleus
d.16.b.S.aureus.GEN.ps	R	16S	158879		Nucleus
d.235.b.S.carnosus.ps d.233.b.S.carnosus.ps	R	23S	1281	X68419	Nucleus
a.I1.e.Staurastrum.sp.M752.C1.SSU.1506.ps	I	IC1	31318	X74752	Nucleus
d.16.e.Staurastrum.sp.M752.ps	R	16S	31318		Nucleus
a.I1.e.Staurastrum.sp.M753.C1.SSU.1506.ps	I	IC1	76048	X77452	Nucleus
a.I1.e.S.paniceum.UNK.SSU.114.ps	I	I	48274	D49657	Nucleus
a.I1.e.S.paniceum.UNK.SSU.287.ps	I	I	48274	D49657	Nucleus
a.I1.e.S.paniceum.UNK.SSU.1052.ps	I	I	48274	D49657	Nucleus
a.I1.e.S.paniceum.UNK.SSU.1210.ps	I	I	48274	D49657	Nucleus
a.I1.e.S.paniceum.UNK.SSU.1506.ps	I	I	48274	D49657	Nucleus
d.16.e.S.nipponica.ps	R	16S	218683	M87330	Nucleus
d.5.e.S.oshimae.ps	R	5S	7693	X01002	Nucleus
d.16.b.S.moniliformis.ps	R	16S	34105		Nucleus
d.16.b.S.mutans.ps	R	16S	1309	X58303	Nucleus
d.16.b.S.pneumoniae.ps	R	16S	1313		Nucleus
d.16.b.S.pyogenes.ps	R	16S	1314		Nucleus
d.16.b.S.pyogenes.GEN.ps	R	16S	160490		Nucleus
d.16.b.S.acidiscabies.ps	R	16S	42234		Nucleus
d.16.b.S.albidoflavus.ps	R	16S	1886		Nucleus
d.16.b.S.albus.ps	R	16S	1888		Nucleus
d.16.b.S.ambofaciens.ps	R	16S	1889		Nucleus
d.233.b.S.ambofaciens.ps d.235.b.S.ambofaciens.ps	R	23S	1889	M27245	Nucleus
d.16.b.S.bikiniensis.ps	R	16S	1896		Nucleus
d.16.b.S.bluensis.ps	R	16S	33897		Nucleus
d.16.b.S.bottropensis.ps	R	16S	42235		Nucleus
d.16.b.S.brasiliensis.ps	R	16S	1954		Nucleus
d.16.b.S.caelestis.ps	R	16S	36816		Nucleus
d.16.b.S.coelicolor.ps	R	16S	1902		Nucleus
d.16.b.S.diastaticus.ps	R	16S	1956		Nucleus
d.16.b.S.diastatochromogenes.ps	R	16S	42236		Nucleus
d.16.b.S.espinosus.ps	R	16S	1965		Nucleus
d.16.b.S.eurythermus.ps	R	16S	42237		Nucleus
d.16.b.S.felleus.ps	R	16S	53447		Nucleus
d.16.b.S.galbus.ps	R	16S	33898		Nucleus
d.16.b.S.glaucescens.ps	R	16S	1907		Nucleus
d.16.b.S.gougerotii.ps	R	16S	53448		Nucleus
d.16.b.S.griseus.ps	R	16S	1911		Nucleus
d.16.b.S.hygroscopicus.ps	R	16S	1912		Nucleus
d.16.b.S.intermedius.ps	R	16S	53449		Nucleus
d.16.b.S.lavendulae.ps	R	16S	1914		Nucleus
d.16.b.S.limosus.ps	R	16S	1947		Nucleus
d.16.b.S.lincolnensis.ps	R	16S	1915		Nucleus
d.16.b.S.macrosporus.ps	R	16S	44032		Nucleus
d.16.b.S.mashuensis.ps	R	16S	33904		Nucleus
d.16.b.S.megasporus.ps	R	16S	44060		Nucleus
d.16.b.S.neyagawaensis.ps	R	16S	42238		Nucleus
d.16.b.S.nodosus.ps	R	16S	40318		Nucleus
d.16.b.S.odorifer.ps	R	16S	53450		Nucleus
d.16.b.S.ornatus.ps	R	16S	33901		Nucleus
d.16.b.S.pseudogriseolus.ps	R	16S	36817		Nucleus
d.16.b.S.purpureus.ps	R	16S	1951		Nucleus
d.16.b.S.rimosus.ps	R	16S	1927		Nucleus
d.16.b.S.rutgersensis.ps	R	16S	53451		Nucleus
d.16.b.S.sampsonii.ps	R	16S	42239		Nucleus
d.16.b.S.scabiei.ps	R	16S	1930		Nucleus
d.16.b.Streptomyces.sp.ps	R	16S	1931		Nucleus
d.16.b.S.subrutilus.ps	R	16S	36818		Nucleus
d.16.b.S.tendae.ps	R	16S	1932		Nucleus
d.16.b.S.thermodiastaticus.ps	R	16S	44061		Nucleus
d.16.b.S.thermolineatus.ps	R	16S	44033		Nucleus
d.16.b.S.thermoviolaceus.ps	R	16S	1952		Nucleus
d.16.b.S.thermovulgaris.2.ps	R	16S	1934		Nucleus
d.16.b.S.thermovulgaris.1.ps	R	16S	1934		Nucleus
d.16.e.S.lemnae.ps	R	16S	5949	AF164124	Nucleus
d.16.e.S.mytilus.ps	R	16S	5950	AF164123	Nucleus
a.I1.m.S.luteus.A1.LSU.2504.ps	I	IA1	5384	L47586	Mitochondrion
a.I1.m.S.luteus.B4.LSU.1923.ps	I	IB4	5384	L47586	Mitochondrion
a.I1.m.S.luteus.A1.LSU.2449.ps	I	IA1	5384	L47586	Mitochondrion
a.I1.m.S.luteus.B2.LSU.1974.ps	I	IB2	5384	L47586	Mitochondrion
a.I1.m.S.luteus.B4.LSU.2500.ps	I	IB4	5384	L47586	Mitochondrion
a.I1.m.S.luteus.C2.LSU.1949.ps	I	IC2	5384	L47586	Mitochondrion
a.I1.m.S.luteus.C2.LSU.1685.ps	I	IC2	5384	L47586	Mitochondrion
d.16.m.S.sinuspaulianus.ps	R	16S	5381	L47584	Mitochondrion
d.233.m.S.sinuspaulianus.ps d.235.m.S.sinuspaulianus.ps	R	23S	5381	L47585	Mitochondrion
d.5.a.S.acidocaldarius.1.ps	R	5S	2285	V01286	Nucleus
d.16.a.S.acidocaldarius.ps	R	16S	2285	D14876	Nucleus
d.5.a.S.solfataricus.ps	R	5S	2287	Y08257	Nucleus
d.16.a.S.solfataricus.ps	R	16S	2287	X03235	Nucleus
d.16.a.S.solfataricus.2.ps	R	16S	2287	AE006720	Nucleus
d.5.a.Sulfolobus.sp.B12.ps	R	5S	2288	X05870	Nucleus
d.16.e.S.fastuosa.ps	R	16S	216755	AJ535161	Nucleus
d.16.m.S.scrofa.ps	R	16S	9823	AJ002189	Mitochondrion
d.5.b.Synechococcus.sp.ps	R	5S	269084	X00757 X00343	Nucleus
a.I1.b.Synechococcus.sp2.C3.tLEU.ps	I	IC3	269084		Nucleus
d.16.b.Synechococcus.sp.ps	R	16S	269084		Nucleus
d.16.b.Synechocystis.PCC6803.GEN.ps	R	16S	1148	D64000 D90916	Nucleus
d.16.m.T.syrichta.ps	R	16S	9478	AF069976	Mitochondrion
a.I1.e.T.cosmopolitanis.C1.LSU.1925.ps	I	IC1	5921	X03107	Nucleus
a.I1.e.T.hyperangularis.C1.LSU.1925.ps	I	IC1	5899	X03106	Nucleus
a.I1.e.T.malaccensis.C1.LSU.1925.ps	I	IC1	5901	X03105	Nucleus
a.I1.e.T.pigmentosa.C1.LSU.1925.ps	I	IC1	5907	J01210	Nucleus
b.16.m.T.pyriformis.ps	R	16S	5908	M12714 AF160864	Mitochondrion
d.5.e.T.thermophila.2.ps	R	5S	5911	J01893	Nucleus
b.I1.e.T.thermophila.C1.LSU.1925.ps	I	IC1	5911	V01416 J01235	Nucleus
d.16.e.T.thermophila.ps	R	16S	5911	X56165	Nucleus
s.I1.e.T.thermophila.C1.LSU.1925.schem.ps	I	IC1	600401		Nucleus
d.16.e.Thalassionema.sp.ps	R	16S	216620	AJ535140	Nucleus
d.16.e.T.antarctica.ps	R	16S	160265	AF374482	Nucleus
d.16.e.T.eccentrica.ps	R	16S	49261	X85396	Nucleus
d.16.e.T.pseudonana.ps	R	16S	35128	AF374481	Nucleus
d.16.e.T.contejeani.ps	R	16S	164912	AF492593	Nucleus
d.5.a.T.celer.1.ps	R	5S	2264	X07692	Nucleus
d.16.a.T.celer.ps	R	16S	2264		Nucleus
d.235.a.T.celer.ps d.233.a.T.celer.ps	R	23S	2264	M67497	Nucleus
d.16.b.T.roseum.ps	R	16S	500		Nucleus
d.5.a.T.acidophilum.ps	R	5S	2303	X02709	Nucleus
d.16.a.T.acidophilum.ps	R	16S	2303	AL445067 M38637	Nucleus
d.16.a.T.tenax.ps	R	16S	2271		Nucleus
d.16.b.T.maritima.GEN.ps	R	16S	2336		Nucleus
d.16.b.T.maritima.ps	R	16S	2336		Nucleus
d.233.b.T.maritima.ps d.235.b.T.maritima.ps	R	23S	2336	M67498	Nucleus
d.5.b.T.aquaticus.ps	R	5S	271	X01590	Nucleus
d.16.b.T.aquaticus.ps	R	16S	271		Nucleus
d.5.b.Thermus.sp.ps	R	5S	275	M16532	Nucleus
d.5.b.T.thermophilus.ps	R	5S	274	V01415	Nucleus
d.5.b.T.thermophilus.2.ps	R	5S	274	X01554	Nucleus
d.5.b.T.thermophilus.1.ps	R	5S	274	K01305	Nucleus
d.16.b.T.thermophilus.1.ps	R	16S	274		Nucleus
d.16.b.T.thermophilus.2.ps	R	16S	274		Nucleus
d.235.b.T.thermophilus.ps d.233.b.T.thermophilus.ps	R	23S	274	X12612	Nucleus
n.16.b.T.thermophilus.1.num.ps	R	16S	600201		Nucleus
n.16.b.T.thermophilus.2.num.ps	R	16S	600201		Nucleus
s.16.b.T.thermophilus.1.schem.ps	R	16S	600202		Nucleus
s.16.b.T.thermophilus.2.schem.ps	R	16S	600202		Nucleus
d.5.b.T.nivea.ps	R	5S	1031	M35563	Nucleus
d.5.b.Thiothrix.sp.ps	R	5S	1032	M35564	Nucleus
d.16.e.T.hispida.ps	R	16S	202687	AF506273	Nucleus
d.16.e.T.violacea.4.ps	R	16S	67961	AF506274	Nucleus
d.16.e.T.violacea.2.ps	R	16S	67961	AF506275	Nucleus
d.16.e.T.violacea.1.ps	R	16S	67961	AF026042	Nucleus
d.16.e.T.caries.ps	R	16S	13290	U00972	Nucleus
d.16.e.T.undulatum.ps	R	16S	210620	AF525668	Nucleus
d.16.c.T.gondii.ps	R	16S	5811		Chloroplast
d.16.e.T.gondii.ps	R	16S	5811	X75453	Nucleus
d.16.e.T.hominis.ps	R	16S	72359	AJ002605	Nucleus
d.16.b.T.pallidum.A.ps	R	16S	243276		Nucleus
d.235.b.T.pallidum.A.ps d.233.b.T.pallidum.A.ps	R	23S	243276	AE001204	Nucleus
a.I1.m.T.papilionaceus.B2.LSU.1939.ps	I	IB	5221	X73672	Mitochondrion
d.16.e.T.cystophora.ps	R	16S	6141	L10829	Nucleus
d.5.e.T.aestivum.ps	R	5S	4565	X06094	Nucleus
b.16.m.T.aestivum.ps	R	16S	4565	Z14078	Mitochondrion
d.5.e.T.monococcum.ps	R	5S	4568	X66383	Nucleus
d.16.e.T.foetus.ps	R	16S	5724	M81842	Nucleus
d.5.e.T.borreli.ps	R	5S	5710	L08173	Nucleus
a.16.m.T.brucei.ps	R	16S	5691	X02547	Mitochondrion
d.16.e.T.brucei.ps	R	16S	5691	M12676	Nucleus
d.5.e.T.cruzi.ps	R	5S	5693	M59502	Nucleus
d.16.e.T.cruzi.ps	R	16S	5693	AF245382	Nucleus
d.16.e.V.acridophagus.ps	R	16S	307626	AF024658	Nucleus
d.16.e.Undatella.sp.ps	R	16S	216761	AJ535163	Nucleus
d.16.b.U.urealyticum.ps	R	16S	2130		Nucleus
d.16.b.U.urealyticum.GEN.ps	R	16S	2130		Nucleus
d.5.e.U.unicinctus.ps	R	5S	6432	X00998	Nucleus
d.16.e.U.gallina.ps	R	16S	57513	AF164130	Nucleus
d.16.e.U.pisces.ps	R	16S	99911	AF164131	Nucleus
d.16.e.U.grandis.ps	R	16S	57509	AF164129	Nucleus
a.I1.e.U.maydis.C1.SSU.943.ps	I	IC1	5270	X62396	Nucleus
d.16.e.U.maydis.ps	R	16S	5270	X62396	Nucleus
d.16.e.V.imperfecta.ps	R	16S	86960	AJ131646	Nucleus
d.16.e.V.necatrix.ps	R	16S	6039	Y00266 M24612	Nucleus
d.16.e.Vairimorpha.sp.C21.ps	R	16S	235546	AY311592	Nucleus
d.16.e.V.culicis.ps	R	16S	103449	AJ252961	Nucleus
d.5.b.V.alginolyticus.ps	R	5S	663	X02241	Nucleus
d.16.b.V.cholerae6.ps	R	16S	666		Nucleus
d.16.b.V.cholerae4.ps	R	16S	666		Nucleus
d.16.b.V.cholerae2.ps	R	16S	666		Nucleus
d.16.b.V.cholerae5.ps	R	16S	666		Nucleus
d.16.b.V.cholerae.ps	R	16S	666		Nucleus
d.5.b.V.cincinnatiensis.ps	R	5S	675	X02248	Nucleus
d.5.b.V.diazotrophicus.ps	R	5S	685	X02243	Nucleus
d.5.b.V.fluvialis.ps	R	5S	676	X02237,M38448	Nucleus
d.5.b.V.gazogenes.ps	R	5S	687	X02245	Nucleus
d.5.b.V.harveyi.1.ps	R	5S	669	X02242	Nucleus
d.5.b.V.harveyi.2.ps	R	5S	669	X02030	Nucleus
d.5.b.V.mediterranei.ps	R	5S	689	X15179	Nucleus
d.5.b.V.metschnikovii.ps	R	5S	28172	X02246	Nucleus
d.5.b.V.mimicus.ps	R	5S	674	X02238	Nucleus
d.5.b.V.natriegens.ps	R	5S	691	X02236	Nucleus
d.5.b.V.nereis.ps	R	5S	693	X03701	Nucleus
d.5.b.V.ordalii.ps	R	5S	28174	X06687	Nucleus
d.5.b.V.parahaemolyticus.1.ps	R	5S	670	X02235	Nucleus
d.16.b.V.parahaemolyticus.ps	R	16S	670		Nucleus
d.5.b.V.proteolyticus.ps	R	5S	671	X02247,L08111	Nucleus
d.5.b.Vibrio.sp.ps	R	5S	678	M16533	Nucleus
d.5.b.V.tubiashii.ps	R	5S	29498	X06688	Nucleus
d.5.b.V.vulnificus.ps	R	5S	672	X00930	Nucleus
d.16.e.V.corneae.ps	R	16S	42399	L39112	Nucleus
d.16.m.V.ursinus.ps	R	16S	29139	U61078	Mitochondrion
d.16.e.W.palustris.ps	R	16S	102172	AF132544	Nucleus
b.16.m.W.saturnus.m.ps	R	16S	4963	X71392	Mitochondrion
d.16.b.X.albilineans.ps	R	16S	29447		Nucleus
d.16.b.X.campestris.ps	R	16S	339		Nucleus
d.16.e.X.borealis.ps	R	16S	8354	X59733	Nucleus
d.16.m.X.laevis.ps	R	16S	8355	M27605	Mitochondrion
d.233.m.X.laevis.ps d.235.m.X.laevis.ps	R	23S	8355	M10217	Mitochondrion
d.16.e.X.laevis.ps	R	16S	8355	X04025	Nucleus
d.16.b.X.fastidiosa.GEN.ps	R	16S	2371	AE003861	Nucleus
d.16.b.Y.pestis.ps	R	16S	632		Nucleus
d.16.b.Y.pseudotuberculosis.ps	R	16S	633		Nucleus
d.16.m.Z.californianus.ps	R	16S	9704	Y08525	Mitochondrion
a.I2.m.Z.mays.A.OX2.i1.ps	I	IIA	4577	V00712	Mitochondrion
d.16.c.Z.mays.ps	R	16S	4577		Chloroplast
d.16.e.Z.mays.ps	R	16S	4577		Nucleus
d.16.m.Z.mays.ps	R	16S	4577	X00794	Mitochondrion
d.233.c.Z.mays.ps d.235.c.Z.mays.ps	R	23S	4577	Z00028	Chloroplast
d.233.m.Z.mays.ps d.235.m.Z.mays.ps	R	23S	4577	K01868	Mitochondrion
a.I1.e.Z.circumcarinata.C1.SSU.1506.ps	I	IC1	35869	X79495	Nucleus
d.16.e.Fungus.sp.QPX.ps	R	16S	134203	AF261665	Nucleus
d.16.b.u.proteobacterium.ps	R	16S	2722		Nucleus
